1,https://la.ait.kyushu-u.ac.jp/qu/bookroll/contents/unzipped/360a7a9366b46172a55ec4393521b6abf53b0eee1639dd542c3bb15e049a63a2_1/OPS/images/out_1.jpg
2,https://la.ait.kyushu-u.ac.jp/qu/bookroll/contents/unzipped/360a7a9366b46172a55ec4393521b6abf53b0eee1639dd542c3bb15e049a63a2_1/OPS/images/out_2.jpg
3,https://la.ait.kyushu-u.ac.jp/qu/bookroll/contents/unzipped/360a7a9366b46172a55ec4393521b6abf53b0eee1639dd542c3bb15e049a63a2_1/OPS/images/out_3.jpg
4,https://la.ait.kyushu-u.ac.jp/qu/bookroll/contents/unzipped/360a7a9366b46172a55ec4393521b6abf53b0eee1639dd542c3bb15e049a63a2_1/OPS/images/out_4.jpg
5,https://la.ait.kyushu-u.ac.jp/qu/bookroll/contents/unzipped/360a7a9366b46172a55ec4393521b6abf53b0eee1639dd542c3bb15e049a63a2_1/OPS/images/out_5.jpg
6,https://la.ait.kyushu-u.ac.jp/qu/bookroll/contents/unzipped/360a7a9366b46172a55ec4393521b6abf53b0eee1639dd542c3bb15e049a63a2_1/OPS/images/out_6.jpg
7,https://la.ait.kyushu-u.ac.jp/qu/bookroll/contents/unzipped/360a7a9366b46172a55ec4393521b6abf53b0eee1639dd542c3bb15e049a63a2_1/OPS/images/out_7.jpg
8,https://la.ait.kyushu-u.ac.jp/qu/bookroll/contents/unzipped/360a7a9366b46172a55ec4393521b6abf53b0eee1639dd542c3bb15e049a63a2_1/OPS/images/out_8.jpg
9,https://la.ait.kyushu-u.ac.jp/qu/bookroll/contents/unzipped/360a7a9366b46172a55ec4393521b6abf53b0eee1639dd542c3bb15e049a63a2_1/OPS/images/out_9.jpg
10,https://la.ait.kyushu-u.ac.jp/qu/bookroll/contents/unzipped/360a7a9366b46172a55ec4393521b6abf53b0eee1639dd542c3bb15e049a63a2_1/OPS/images/out_10.jpg
11,https://la.ait.kyushu-u.ac.jp/qu/bookroll/contents/unzipped/360a7a9366b46172a55ec4393521b6abf53b0eee1639dd542c3bb15e049a63a2_1/OPS/images/out_11.jpg
12,https://la.ait.kyushu-u.ac.jp/qu/bookroll/contents/unzipped/360a7a9366b46172a55ec4393521b6abf53b0eee1639dd542c3bb15e049a63a2_1/OPS/images/out_12.jpg
13,https://la.ait.kyushu-u.ac.jp/qu/bookroll/contents/unzipped/360a7a9366b46172a55ec4393521b6abf53b0eee1639dd542c3bb15e049a63a2_1/OPS/images/out_13.jpg
14,https://la.ait.kyushu-u.ac.jp/qu/bookroll/contents/unzipped/360a7a9366b46172a55ec4393521b6abf53b0eee1639dd542c3bb15e049a63a2_1/OPS/images/out_14.jpg
15,https://la.ait.kyushu-u.ac.jp/qu/bookroll/contents/unzipped/360a7a9366b46172a55ec4393521b6abf53b0eee1639dd542c3bb15e049a63a2_1/OPS/images/out_15.jpg
16,https://la.ait.kyushu-u.ac.jp/qu/bookroll/contents/unzipped/360a7a9366b46172a55ec4393521b6abf53b0eee1639dd542c3bb15e049a63a2_1/OPS/images/out_16.jpg
17,https://la.ait.kyushu-u.ac.jp/qu/bookroll/contents/unzipped/360a7a9366b46172a55ec4393521b6abf53b0eee1639dd542c3bb15e049a63a2_1/OPS/images/out_17.jpg
18,https://la.ait.kyushu-u.ac.jp/qu/bookroll/contents/unzipped/360a7a9366b46172a55ec4393521b6abf53b0eee1639dd542c3bb15e049a63a2_1/OPS/images/out_18.jpg
19,https://la.ait.kyushu-u.ac.jp/qu/bookroll/contents/unzipped/360a7a9366b46172a55ec4393521b6abf53b0eee1639dd542c3bb15e049a63a2_1/OPS/images/out_19.jpg
20,https://la.ait.kyushu-u.ac.jp/qu/bookroll/contents/unzipped/360a7a9366b46172a55ec4393521b6abf53b0eee1639dd542c3bb15e049a63a2_1/OPS/images/out_20.jpg
21,https://la.ait.kyushu-u.ac.jp/qu/bookroll/contents/unzipped/360a7a9366b46172a55ec4393521b6abf53b0eee1639dd542c3bb15e049a63a2_1/OPS/images/out_21.jpg
22,https://la.ait.kyushu-u.ac.jp/qu/bookroll/contents/unzipped/360a7a9366b46172a55ec4393521b6abf53b0eee1639dd542c3bb15e049a63a2_1/OPS/images/out_22.jpg
23,https://la.ait.kyushu-u.ac.jp/qu/bookroll/contents/unzipped/360a7a9366b46172a55ec4393521b6abf53b0eee1639dd542c3bb15e049a63a2_1/OPS/images/out_23.jpg
