教育情報工学第13回,0,テストチャット
教育基礎学入門第2回,2,教育観・学習観の変化と情報化
教育基礎学入門第3回,3,これから望まれる学力ってどういうものがあり、どのように評価されるべきだろうか？
教育基礎学入門第4回,4,教育・学習向けICT・ソフトウェアの利用経験、理論、その効果測定について
教育基礎学入門第5回,5,デジタル教科書は公教育を変えるか？
教育基礎学入門第6回,6,インフォーマルラーニングの成果はどう測るべきだろうか？
教育基礎学入門第7回,7,これから育成すべき人材像とICT活用について
現代教育学入門第1回,8,知識を転移させる学習環境デザインとは？
現代教育学入門第2回,9,モバイルが活きる学習とは？
現代教育学入門第3回,10,初等教育における効果的なプログラミング学習環境とは？
現代教育学入門第4回,11,効果的な学習ゲームのデザインとは？
現代教育学入門第5回,12,教育のオープン化は教育を変えるか？
現代教育学入門第6回,13,EdTechは推進すべきか？
現代教育学入門第7回,14,ICTを活用した効果的な学習環境とは
課題協学2020_4-3_1回目,15,コミュニケーションにおける炎上が発生している点はどこでしょうか？
課題協学2020_4-3_2回目,16,対面とオンラインコミュニケーションの類似点・違いはどこか？
教育基礎学入門第2回,17,テストチャット2
教育基礎学入門第2回,18,ディスカッション1
教育基礎学入門第3回,19,ディスカッション2
教育基礎学入門第4回,20,ディスカッション3
教育基礎学入門第5回,21,ディスカッション4
教育基礎学入門第6回,22,ディスカッション5
教育基礎学入門第7回,23,ディスカッション6
教育基礎学入門第8回,24,ディスカッション7
教育基礎学入門第1回,25,テストチャット1