1,https://la.ait.kyushu-u.ac.jp/qu/bookroll/contents/unzipped/b3a7c2c4427eb4d68058a713cd44a0751dab796765b8c0f07bc7795e505976b4_2/OPS/images/out_1.jpg
2,https://la.ait.kyushu-u.ac.jp/qu/bookroll/contents/unzipped/b3a7c2c4427eb4d68058a713cd44a0751dab796765b8c0f07bc7795e505976b4_2/OPS/images/out_2.jpg
3,https://la.ait.kyushu-u.ac.jp/qu/bookroll/contents/unzipped/b3a7c2c4427eb4d68058a713cd44a0751dab796765b8c0f07bc7795e505976b4_2/OPS/images/out_3.jpg
4,https://la.ait.kyushu-u.ac.jp/qu/bookroll/contents/unzipped/b3a7c2c4427eb4d68058a713cd44a0751dab796765b8c0f07bc7795e505976b4_2/OPS/images/out_4.jpg
5,https://la.ait.kyushu-u.ac.jp/qu/bookroll/contents/unzipped/b3a7c2c4427eb4d68058a713cd44a0751dab796765b8c0f07bc7795e505976b4_2/OPS/images/out_5.jpg
6,https://la.ait.kyushu-u.ac.jp/qu/bookroll/contents/unzipped/b3a7c2c4427eb4d68058a713cd44a0751dab796765b8c0f07bc7795e505976b4_2/OPS/images/out_6.jpg
7,https://la.ait.kyushu-u.ac.jp/qu/bookroll/contents/unzipped/b3a7c2c4427eb4d68058a713cd44a0751dab796765b8c0f07bc7795e505976b4_2/OPS/images/out_7.jpg
8,https://la.ait.kyushu-u.ac.jp/qu/bookroll/contents/unzipped/b3a7c2c4427eb4d68058a713cd44a0751dab796765b8c0f07bc7795e505976b4_2/OPS/images/out_8.jpg
9,https://la.ait.kyushu-u.ac.jp/qu/bookroll/contents/unzipped/b3a7c2c4427eb4d68058a713cd44a0751dab796765b8c0f07bc7795e505976b4_2/OPS/images/out_9.jpg
10,https://la.ait.kyushu-u.ac.jp/qu/bookroll/contents/unzipped/b3a7c2c4427eb4d68058a713cd44a0751dab796765b8c0f07bc7795e505976b4_2/OPS/images/out_10.jpg
11,https://la.ait.kyushu-u.ac.jp/qu/bookroll/contents/unzipped/b3a7c2c4427eb4d68058a713cd44a0751dab796765b8c0f07bc7795e505976b4_2/OPS/images/out_11.jpg
12,https://la.ait.kyushu-u.ac.jp/qu/bookroll/contents/unzipped/b3a7c2c4427eb4d68058a713cd44a0751dab796765b8c0f07bc7795e505976b4_2/OPS/images/out_12.jpg
13,https://la.ait.kyushu-u.ac.jp/qu/bookroll/contents/unzipped/b3a7c2c4427eb4d68058a713cd44a0751dab796765b8c0f07bc7795e505976b4_2/OPS/images/out_13.jpg
14,https://la.ait.kyushu-u.ac.jp/qu/bookroll/contents/unzipped/b3a7c2c4427eb4d68058a713cd44a0751dab796765b8c0f07bc7795e505976b4_2/OPS/images/out_14.jpg
15,https://la.ait.kyushu-u.ac.jp/qu/bookroll/contents/unzipped/b3a7c2c4427eb4d68058a713cd44a0751dab796765b8c0f07bc7795e505976b4_2/OPS/images/out_15.jpg
16,https://la.ait.kyushu-u.ac.jp/qu/bookroll/contents/unzipped/b3a7c2c4427eb4d68058a713cd44a0751dab796765b8c0f07bc7795e505976b4_2/OPS/images/out_16.jpg
17,https://la.ait.kyushu-u.ac.jp/qu/bookroll/contents/unzipped/b3a7c2c4427eb4d68058a713cd44a0751dab796765b8c0f07bc7795e505976b4_2/OPS/images/out_17.jpg
18,https://la.ait.kyushu-u.ac.jp/qu/bookroll/contents/unzipped/b3a7c2c4427eb4d68058a713cd44a0751dab796765b8c0f07bc7795e505976b4_2/OPS/images/out_18.jpg
19,https://la.ait.kyushu-u.ac.jp/qu/bookroll/contents/unzipped/b3a7c2c4427eb4d68058a713cd44a0751dab796765b8c0f07bc7795e505976b4_2/OPS/images/out_19.jpg
20,https://la.ait.kyushu-u.ac.jp/qu/bookroll/contents/unzipped/b3a7c2c4427eb4d68058a713cd44a0751dab796765b8c0f07bc7795e505976b4_2/OPS/images/out_20.jpg
21,https://la.ait.kyushu-u.ac.jp/qu/bookroll/contents/unzipped/b3a7c2c4427eb4d68058a713cd44a0751dab796765b8c0f07bc7795e505976b4_2/OPS/images/out_21.jpg
22,https://la.ait.kyushu-u.ac.jp/qu/bookroll/contents/unzipped/b3a7c2c4427eb4d68058a713cd44a0751dab796765b8c0f07bc7795e505976b4_2/OPS/images/out_22.jpg
23,https://la.ait.kyushu-u.ac.jp/qu/bookroll/contents/unzipped/b3a7c2c4427eb4d68058a713cd44a0751dab796765b8c0f07bc7795e505976b4_2/OPS/images/out_23.jpg
24,https://la.ait.kyushu-u.ac.jp/qu/bookroll/contents/unzipped/b3a7c2c4427eb4d68058a713cd44a0751dab796765b8c0f07bc7795e505976b4_2/OPS/images/out_24.jpg
25,https://la.ait.kyushu-u.ac.jp/qu/bookroll/contents/unzipped/b3a7c2c4427eb4d68058a713cd44a0751dab796765b8c0f07bc7795e505976b4_2/OPS/images/out_25.jpg
26,https://la.ait.kyushu-u.ac.jp/qu/bookroll/contents/unzipped/b3a7c2c4427eb4d68058a713cd44a0751dab796765b8c0f07bc7795e505976b4_2/OPS/images/out_26.jpg
27,https://la.ait.kyushu-u.ac.jp/qu/bookroll/contents/unzipped/b3a7c2c4427eb4d68058a713cd44a0751dab796765b8c0f07bc7795e505976b4_2/OPS/images/out_27.jpg
28,https://la.ait.kyushu-u.ac.jp/qu/bookroll/contents/unzipped/b3a7c2c4427eb4d68058a713cd44a0751dab796765b8c0f07bc7795e505976b4_2/OPS/images/out_28.jpg
29,https://la.ait.kyushu-u.ac.jp/qu/bookroll/contents/unzipped/b3a7c2c4427eb4d68058a713cd44a0751dab796765b8c0f07bc7795e505976b4_2/OPS/images/out_29.jpg
30,https://la.ait.kyushu-u.ac.jp/qu/bookroll/contents/unzipped/b3a7c2c4427eb4d68058a713cd44a0751dab796765b8c0f07bc7795e505976b4_2/OPS/images/out_30.jpg
31,https://la.ait.kyushu-u.ac.jp/qu/bookroll/contents/unzipped/b3a7c2c4427eb4d68058a713cd44a0751dab796765b8c0f07bc7795e505976b4_2/OPS/images/out_31.jpg
32,https://la.ait.kyushu-u.ac.jp/qu/bookroll/contents/unzipped/b3a7c2c4427eb4d68058a713cd44a0751dab796765b8c0f07bc7795e505976b4_2/OPS/images/out_32.jpg
33,https://la.ait.kyushu-u.ac.jp/qu/bookroll/contents/unzipped/b3a7c2c4427eb4d68058a713cd44a0751dab796765b8c0f07bc7795e505976b4_2/OPS/images/out_33.jpg
34,https://la.ait.kyushu-u.ac.jp/qu/bookroll/contents/unzipped/b3a7c2c4427eb4d68058a713cd44a0751dab796765b8c0f07bc7795e505976b4_2/OPS/images/out_34.jpg
35,https://la.ait.kyushu-u.ac.jp/qu/bookroll/contents/unzipped/b3a7c2c4427eb4d68058a713cd44a0751dab796765b8c0f07bc7795e505976b4_2/OPS/images/out_35.jpg
36,https://la.ait.kyushu-u.ac.jp/qu/bookroll/contents/unzipped/b3a7c2c4427eb4d68058a713cd44a0751dab796765b8c0f07bc7795e505976b4_2/OPS/images/out_36.jpg
37,https://la.ait.kyushu-u.ac.jp/qu/bookroll/contents/unzipped/b3a7c2c4427eb4d68058a713cd44a0751dab796765b8c0f07bc7795e505976b4_2/OPS/images/out_37.jpg
38,https://la.ait.kyushu-u.ac.jp/qu/bookroll/contents/unzipped/b3a7c2c4427eb4d68058a713cd44a0751dab796765b8c0f07bc7795e505976b4_2/OPS/images/out_38.jpg
